review,sentiment
Basic,neutral
Nothing special about this,neutral
Very happy with the performance,positive
Average product performance,neutral
It's okay for the price,neutral
Highly recommend this item,positive
Neither good nor bad,neutral
Broke down in two days,negative
Delivers as promised,positive
Nothing special about this,neutral
Bad product,negative
Not too impressed,neutral
Regret buying this,negative
Terrible quality and support,negative
Satisfactory usage,neutral
Did not meet expectations,negative
Terrible quality and support,negative
Neither good nor bad,neutral
Regret it,negative
Not too impressed,neutral
Exceeded my expectations,positive
It's okay for the price,neutral
Very satisfied,positive
Superb quality and finish,positive
Great value for the money,positive
Nothing special about this,neutral
Superb quality and finish,positive
Delivers as promised,positive
Meets the minimum expectations,neutral
Exceeded my expectations,positive
Satisfactory usage,neutral
Unremarkable features,neutral
Not too impressed,neutral
Fantastic customer support,positive
Did not meet expectations,negative
Terrible quality and support,negative
Did not meet expectations,negative
Not worth the money,negative
Defective item received,negative
Regret buying this,negative
Not too impressed,neutral
Superb quality and finish,positive
Completely disappointed with this,negative
Performance is terrible,negative
Very happy with the performance,positive
Amazing speed and features,positive
Great value for the money,positive
Regret buying this,negative
Poor build,negative
Unremarkable features,neutral
Did not meet expectations,negative
Completely disappointed with this,negative
Exceeded my expectations,positive
Great value for the money,positive
Defective item received,negative
Regret buying this,negative
Meh,neutral
Performance is terrible,negative
Regret buying this,negative
Did not meet expectations,negative
Exceeded my expectations,positive
It's okay for the price,neutral
Neither good nor bad,neutral
Superb quality and finish,positive
Unremarkable features,neutral
Performance is terrible,negative
Satisfactory usage,neutral
Terrible quality and support,negative
Terrible quality and support,negative
Nothing special about this,neutral
Completely disappointed with this,negative
Satisfactory usage,neutral
Not worth the money,negative
Fantastic customer support,positive
Nothing special about this,neutral
Mediocre experience,neutral
Great value for the money,positive
Completely disappointed with this,negative
Amazing speed and features,positive
Just a basic product,neutral
Neither good nor bad,neutral
Neither good nor bad,neutral
Average product performance,neutral
Hate it,negative
Neither good nor bad,neutral
Amazing speed and features,positive
Nothing special about this,neutral
Great value for the money,positive
Nothing special about this,neutral
Fantastic customer support,positive
Satisfactory usage,neutral
Satisfactory usage,neutral
Superb quality and finish,positive
Broke down in two days,negative
Highly recommend this item,positive
Regret buying this,negative
Not sure,neutral
It's okay for the price,neutral
Broke down in two days,negative
Regret buying this,negative
Regret buying this,negative
Superb quality and finish,positive
Defective item received,negative
Average product performance,neutral
Did not meet expectations,negative
Terrible quality and support,negative
Unremarkable features,neutral
Satisfactory usage,neutral
Bad customer service,negative
It's okay for the price,neutral
Delivers as promised,positive
Did not meet expectations,negative
Top-notch experience overall,positive
Performance is terrible,negative
Completely disappointed with this,negative
Not too impressed,neutral
Nothing much,neutral
Amazing speed and features,positive
Highly recommend this item,positive
Satisfactory usage,neutral
Do not buy,negative
Not worth the money,negative
Meets the minimum expectations,neutral
Superb quality and finish,positive
Highly recommend this item,positive
Bad product,negative
Worst ever,negative
Bad customer service,negative
Broke down in two days,negative
Great value for the money,positive
Terrible quality and support,negative
Very happy with the performance,positive
Exceeded my expectations,positive
Top-notch experience overall,positive
Amazing,positive
Top-notch experience overall,positive
Top-notch experience overall,positive
Highly recommend this item,positive
Defective item received,negative
Terrible quality and support,negative
Exceeded my expectations,positive
Top-notch experience overall,positive
Very happy with the performance,positive
Superb quality and finish,positive
Absolutely love this product,positive
Delivers as promised,positive
Top-notch experience overall,positive
Completely disappointed with this,negative
Bad customer service,negative
Defective item received,negative
Unremarkable features,neutral
Exceeded my expectations,positive
Highly recommend this item,positive
Mediocre experience,neutral
Top quality,positive
Mediocre experience,neutral
Meets the minimum expectations,neutral
It's okay for the price,neutral
Just a basic product,neutral
Best ever,positive
Great value for the money,positive
Average item,neutral
Satisfactory usage,neutral
Bad customer service,negative
Exceeded my expectations,positive
Fantastic customer support,positive
Defective item received,negative
Fantastic customer support,positive
Average product performance,neutral
Mediocre experience,neutral
Perfect choice,positive
Wonderful,positive
Performance is terrible,negative
Unremarkable features,neutral
Fantastic customer support,positive
Absolutely love this product,positive
Very poor experience,negative
Did not meet expectations,negative
Great value for the money,positive
Mediocre experience,neutral
Top-notch experience overall,positive
Love it,positive
Average product performance,neutral
Awful,negative
Okay,neutral
Completely disappointed with this,negative
Highly recommend this item,positive
Bad customer service,negative
Did not meet expectations,negative
Just a basic product,neutral
Excellent,positive
Did not meet expectations,negative
Horrible,negative
It works,neutral
Bad customer service,negative
Did not meet expectations,negative
Unremarkable features,neutral
Completely disappointed with this,negative
Just a basic product,neutral
Satisfactory usage,neutral
Terrible quality and support,negative
Terrible,negative
Delivers as promised,positive
Exceeded my expectations,positive
Not worth the money,negative
Satisfactory usage,neutral
Just a basic product,neutral
Neutral,neutral
Very poor experience,negative
Highly recommend this item,positive
Unremarkable features,neutral
Top-notch experience overall,positive
Just a basic product,neutral
Delivers as promised,positive
Completely disappointed with this,negative
Satisfactory usage,neutral
Exceeded my expectations,positive
Great product,positive
Not worth the money,negative
Fine,neutral
Impressed,positive
Top-notch experience overall,positive
Disappointed,negative
Amazing speed and features,positive
Bad customer service,negative
Performance is terrible,negative
Highly recommend this item,positive
It's okay for the price,neutral
Just a basic product,neutral
Average product performance,neutral
Neither good nor bad,neutral
